ent_fed,sexo,edad,estudiaron_licenciatura
Aguascalientes,Hombres,3,0
Aguascalientes,Hombres,4,0
Aguascalientes,Hombres,5,0
Aguascalientes,Hombres,6,0
Aguascalientes,Hombres,7,0
Aguascalientes,Hombres,8,0
Aguascalientes,Hombres,9,0
Aguascalientes,Hombres,10,0
Aguascalientes,Hombres,11,0
Aguascalientes,Hombres,12,0
Aguascalientes,Hombres,13,0
Aguascalientes,Hombres,14,0
Aguascalientes,Hombres,15,0
Aguascalientes,Hombres,16,0
Aguascalientes,Hombres,17,0
Aguascalientes,Hombres,18,827
Aguascalientes,Hombres,19,2215
Aguascalientes,Hombres,20,3538
Aguascalientes,Hombres,21,3730
Aguascalientes,Hombres,22,4119
Aguascalientes,Hombres,23,4076
Aguascalientes,Hombres,24,3922
Aguascalientes,Mujeres,3,0
Aguascalientes,Mujeres,4,0
Aguascalientes,Mujeres,5,0
Aguascalientes,Mujeres,6,0
Aguascalientes,Mujeres,7,0
Aguascalientes,Mujeres,8,0
Aguascalientes,Mujeres,9,0
Aguascalientes,Mujeres,10,0
Aguascalientes,Mujeres,11,0
Aguascalientes,Mujeres,12,0
Aguascalientes,Mujeres,13,0
Aguascalientes,Mujeres,14,0
Aguascalientes,Mujeres,15,0
Aguascalientes,Mujeres,16,0
Aguascalientes,Mujeres,17,0
Aguascalientes,Mujeres,18,1026
Aguascalientes,Mujeres,19,2793
Aguascalientes,Mujeres,20,4314
Aguascalientes,Mujeres,21,4381
Aguascalientes,Mujeres,22,4708
Aguascalientes,Mujeres,23,4453
Aguascalientes,Mujeres,24,4424
Baja California,Hombres,3,0
Baja California,Hombres,4,0
Baja California,Hombres,5,0
Baja California,Hombres,6,0
Baja California,Hombres,7,0
Baja California,Hombres,8,0
Baja California,Hombres,9,0
Baja California,Hombres,10,0
Baja California,Hombres,11,0
Baja California,Hombres,12,0
Baja California,Hombres,13,0
Baja California,Hombres,14,0
Baja California,Hombres,15,0
Baja California,Hombres,16,0
Baja California,Hombres,17,0
Baja California,Hombres,18,2463
Baja California,Hombres,19,4895
Baja California,Hombres,20,8404
Baja California,Hombres,21,8783
Baja California,Hombres,22,9549
Baja California,Hombres,23,9542
Baja California,Hombres,24,9403
Baja California,Mujeres,3,0
Baja California,Mujeres,4,0
Baja California,Mujeres,5,0
Baja California,Mujeres,6,0
Baja California,Mujeres,7,0
Baja California,Mujeres,8,0
Baja California,Mujeres,9,0
Baja California,Mujeres,10,0
Baja California,Mujeres,11,0
Baja California,Mujeres,12,0
Baja California,Mujeres,13,0
Baja California,Mujeres,14,0
Baja California,Mujeres,15,0
Baja California,Mujeres,16,0
Baja California,Mujeres,17,0
Baja California,Mujeres,18,2971
Baja California,Mujeres,19,5735
Baja California,Mujeres,20,9828
Baja California,Mujeres,21,10023
Baja California,Mujeres,22,10800
Baja California,Mujeres,23,10755
Baja California,Mujeres,24,10623
Baja California Sur,Hombres,3,0
Baja California Sur,Hombres,4,0
Baja California Sur,Hombres,5,0
Baja California Sur,Hombres,6,0
Baja California Sur,Hombres,7,0
Baja California Sur,Hombres,8,0
Baja California Sur,Hombres,9,0
Baja California Sur,Hombres,10,0
Baja California Sur,Hombres,11,0
Baja California Sur,Hombres,12,0
Baja California Sur,Hombres,13,0
Baja California Sur,Hombres,14,0
Baja California Sur,Hombres,15,0
Baja California Sur,Hombres,16,0
Baja California Sur,Hombres,17,0
Baja California Sur,Hombres,18,406
Baja California Sur,Hombres,19,930
Baja California Sur,Hombres,20,1602
Baja California Sur,Hombres,21,1681
Baja California Sur,Hombres,22,1896
Baja California Sur,Hombres,23,1882
Baja California Sur,Hombres,24,1919
Baja California Sur,Mujeres,3,0
Baja California Sur,Mujeres,4,0
Baja California Sur,Mujeres,5,0
Baja California Sur,Mujeres,6,0
Baja California Sur,Mujeres,7,0
Baja California Sur,Mujeres,8,0
Baja California Sur,Mujeres,9,0
Baja California Sur,Mujeres,10,0
Baja California Sur,Mujeres,11,0
Baja California Sur,Mujeres,12,0
Baja California Sur,Mujeres,13,0
Baja California Sur,Mujeres,14,0
Baja California Sur,Mujeres,15,0
Baja California Sur,Mujeres,16,0
Baja California Sur,Mujeres,17,0
Baja California Sur,Mujeres,18,425
Baja California Sur,Mujeres,19,1141
Baja California Sur,Mujeres,20,1938
Baja California Sur,Mujeres,21,1905
Baja California Sur,Mujeres,22,2163
Baja California Sur,Mujeres,23,2238
Baja California Sur,Mujeres,24,2218
Campeche,Hombres,3,0
Campeche,Hombres,4,0
Campeche,Hombres,5,0
Campeche,Hombres,6,0
Campeche,Hombres,7,0
Campeche,Hombres,8,0
Campeche,Hombres,9,0
Campeche,Hombres,10,0
Campeche,Hombres,11,0
Campeche,Hombres,12,0
Campeche,Hombres,13,0
Campeche,Hombres,14,0
Campeche,Hombres,15,0
Campeche,Hombres,16,0
Campeche,Hombres,17,0
Campeche,Hombres,18,315
Campeche,Hombres,19,1039
Campeche,Hombres,20,1986
Campeche,Hombres,21,2090
Campeche,Hombres,22,2352
Campeche,Hombres,23,2246
Campeche,Hombres,24,2262
Campeche,Mujeres,3,0
Campeche,Mujeres,4,0
Campeche,Mujeres,5,0
Campeche,Mujeres,6,0
Campeche,Mujeres,7,0
Campeche,Mujeres,8,0
Campeche,Mujeres,9,0
Campeche,Mujeres,10,0
Campeche,Mujeres,11,0
Campeche,Mujeres,12,0
Campeche,Mujeres,13,0
Campeche,Mujeres,14,0
Campeche,Mujeres,15,0
Campeche,Mujeres,16,0
Campeche,Mujeres,17,0
Campeche,Mujeres,18,394
Campeche,Mujeres,19,1203
Campeche,Mujeres,20,2260
Campeche,Mujeres,21,2130
Campeche,Mujeres,22,2462
Campeche,Mujeres,23,2513
Campeche,Mujeres,24,2455
Coahuila de Zaragoza,Hombres,3,0
Coahuila de Zaragoza,Hombres,4,0
Coahuila de Zaragoza,Hombres,5,0
Coahuila de Zaragoza,Hombres,6,0
Coahuila de Zaragoza,Hombres,7,0
Coahuila de Zaragoza,Hombres,8,0
Coahuila de Zaragoza,Hombres,9,0
Coahuila de Zaragoza,Hombres,10,0
Coahuila de Zaragoza,Hombres,11,0
Coahuila de Zaragoza,Hombres,12,0
Coahuila de Zaragoza,Hombres,13,0
Coahuila de Zaragoza,Hombres,14,0
Coahuila de Zaragoza,Hombres,15,0
Coahuila de Zaragoza,Hombres,16,0
Coahuila de Zaragoza,Hombres,17,0
Coahuila de Zaragoza,Hombres,18,2288
Coahuila de Zaragoza,Hombres,19,4357
Coahuila de Zaragoza,Hombres,20,6686
Coahuila de Zaragoza,Hombres,21,6778
Coahuila de Zaragoza,Hombres,22,7295
Coahuila de Zaragoza,Hombres,23,6979
Coahuila de Zaragoza,Hombres,24,6904
Coahuila de Zaragoza,Mujeres,3,0
Coahuila de Zaragoza,Mujeres,4,0
Coahuila de Zaragoza,Mujeres,5,0
Coahuila de Zaragoza,Mujeres,6,0
Coahuila de Zaragoza,Mujeres,7,0
Coahuila de Zaragoza,Mujeres,8,0
Coahuila de Zaragoza,Mujeres,9,0
Coahuila de Zaragoza,Mujeres,10,0
Coahuila de Zaragoza,Mujeres,11,0
Coahuila de Zaragoza,Mujeres,12,0
Coahuila de Zaragoza,Mujeres,13,0
Coahuila de Zaragoza,Mujeres,14,0
Coahuila de Zaragoza,Mujeres,15,0
Coahuila de Zaragoza,Mujeres,16,0
Coahuila de Zaragoza,Mujeres,17,0
Coahuila de Zaragoza,Mujeres,18,3071
Coahuila de Zaragoza,Mujeres,19,5408
Coahuila de Zaragoza,Mujeres,20,7581
Coahuila de Zaragoza,Mujeres,21,7525
Coahuila de Zaragoza,Mujeres,22,7822
Coahuila de Zaragoza,Mujeres,23,7443
Coahuila de Zaragoza,Mujeres,24,7312
Colima,Hombres,3,0
Colima,Hombres,4,0
Colima,Hombres,5,0
Colima,Hombres,6,0
Colima,Hombres,7,0
Colima,Hombres,8,0
Colima,Hombres,9,0
Colima,Hombres,10,0
Colima,Hombres,11,0
Colima,Hombres,12,0
Colima,Hombres,13,0
Colima,Hombres,14,0
Colima,Hombres,15,0
Colima,Hombres,16,0
Colima,Hombres,17,0
Colima,Hombres,18,318
Colima,Hombres,19,976
Colima,Hombres,20,1911
Colima,Hombres,21,1887
Colima,Hombres,22,2003
Colima,Hombres,23,1912
Colima,Hombres,24,1902
Colima,Mujeres,3,0
Colima,Mujeres,4,0
Colima,Mujeres,5,0
Colima,Mujeres,6,0
Colima,Mujeres,7,0
Colima,Mujeres,8,0
Colima,Mujeres,9,0
Colima,Mujeres,10,0
Colima,Mujeres,11,0
Colima,Mujeres,12,0
Colima,Mujeres,13,0
Colima,Mujeres,14,0
Colima,Mujeres,15,0
Colima,Mujeres,16,0
Colima,Mujeres,17,0
Colima,Mujeres,18,445
Colima,Mujeres,19,1293
Colima,Mujeres,20,2164
Colima,Mujeres,21,2247
Colima,Mujeres,22,2445
Colima,Mujeres,23,2348
Colima,Mujeres,24,2350
Chiapas,Hombres,3,0
Chiapas,Hombres,4,0
Chiapas,Hombres,5,0
Chiapas,Hombres,6,0
Chiapas,Hombres,7,0
Chiapas,Hombres,8,0
Chiapas,Hombres,9,0
Chiapas,Hombres,10,0
Chiapas,Hombres,11,0
Chiapas,Hombres,12,0
Chiapas,Hombres,13,0
Chiapas,Hombres,14,0
Chiapas,Hombres,15,0
Chiapas,Hombres,16,0
Chiapas,Hombres,17,0
Chiapas,Hombres,18,2098
Chiapas,Hombres,19,5100
Chiapas,Hombres,20,8692
Chiapas,Hombres,21,8247
Chiapas,Hombres,22,9558
Chiapas,Hombres,23,9041
Chiapas,Hombres,24,8572
Chiapas,Mujeres,3,0
Chiapas,Mujeres,4,0
Chiapas,Mujeres,5,0
Chiapas,Mujeres,6,0
Chiapas,Mujeres,7,0
Chiapas,Mujeres,8,0
Chiapas,Mujeres,9,0
Chiapas,Mujeres,10,0
Chiapas,Mujeres,11,0
Chiapas,Mujeres,12,0
Chiapas,Mujeres,13,0
Chiapas,Mujeres,14,0
Chiapas,Mujeres,15,0
Chiapas,Mujeres,16,0
Chiapas,Mujeres,17,0
Chiapas,Mujeres,18,2253
Chiapas,Mujeres,19,5981
Chiapas,Mujeres,20,9520
Chiapas,Mujeres,21,8604
Chiapas,Mujeres,22,9967
Chiapas,Mujeres,23,9339
Chiapas,Mujeres,24,9146
Chihuahua,Hombres,3,0
Chihuahua,Hombres,4,0
Chihuahua,Hombres,5,0
Chihuahua,Hombres,6,0
Chihuahua,Hombres,7,0
Chihuahua,Hombres,8,0
Chihuahua,Hombres,9,0
Chihuahua,Hombres,10,0
Chihuahua,Hombres,11,0
Chihuahua,Hombres,12,0
Chihuahua,Hombres,13,0
Chihuahua,Hombres,14,0
Chihuahua,Hombres,15,0
Chihuahua,Hombres,16,0
Chihuahua,Hombres,17,0
Chihuahua,Hombres,18,2593
Chihuahua,Hombres,19,5764
Chihuahua,Hombres,20,8782
Chihuahua,Hombres,21,8747
Chihuahua,Hombres,22,9031
Chihuahua,Hombres,23,8950
Chihuahua,Hombres,24,8803
Chihuahua,Mujeres,3,0
Chihuahua,Mujeres,4,0
Chihuahua,Mujeres,5,0
Chihuahua,Mujeres,6,0
Chihuahua,Mujeres,7,0
Chihuahua,Mujeres,8,0
Chihuahua,Mujeres,9,0
Chihuahua,Mujeres,10,0
Chihuahua,Mujeres,11,0
Chihuahua,Mujeres,12,0
Chihuahua,Mujeres,13,0
Chihuahua,Mujeres,14,0
Chihuahua,Mujeres,15,0
Chihuahua,Mujeres,16,0
Chihuahua,Mujeres,17,0
Chihuahua,Mujeres,18,3235
Chihuahua,Mujeres,19,7081
Chihuahua,Mujeres,20,10230
Chihuahua,Mujeres,21,10095
Chihuahua,Mujeres,22,10205
Chihuahua,Mujeres,23,10258
Chihuahua,Mujeres,24,9908
Ciudad de México,Hombres,3,0
Ciudad de México,Hombres,4,0
Ciudad de México,Hombres,5,0
Ciudad de México,Hombres,6,0
Ciudad de México,Hombres,7,0
Ciudad de México,Hombres,8,0
Ciudad de México,Hombres,9,0
Ciudad de México,Hombres,10,0
Ciudad de México,Hombres,11,0
Ciudad de México,Hombres,12,0
Ciudad de México,Hombres,13,0
Ciudad de México,Hombres,14,0
Ciudad de México,Hombres,15,0
Ciudad de México,Hombres,16,0
Ciudad de México,Hombres,17,0
Ciudad de México,Hombres,18,4807
Ciudad de México,Hombres,19,11271
Ciudad de México,Hombres,20,21473
Ciudad de México,Hombres,21,22814
Ciudad de México,Hombres,22,27465
Ciudad de México,Hombres,23,27909
Ciudad de México,Hombres,24,29313
Ciudad de México,Mujeres,3,0
Ciudad de México,Mujeres,4,0
Ciudad de México,Mujeres,5,0
Ciudad de México,Mujeres,6,0
Ciudad de México,Mujeres,7,0
Ciudad de México,Mujeres,8,0
Ciudad de México,Mujeres,9,0
Ciudad de México,Mujeres,10,0
Ciudad de México,Mujeres,11,0
Ciudad de México,Mujeres,12,0
Ciudad de México,Mujeres,13,0
Ciudad de México,Mujeres,14,0
Ciudad de México,Mujeres,15,0
Ciudad de México,Mujeres,16,0
Ciudad de México,Mujeres,17,0
Ciudad de México,Mujeres,18,5887
Ciudad de México,Mujeres,19,13401
Ciudad de México,Mujeres,20,25052
Ciudad de México,Mujeres,21,25510
Ciudad de México,Mujeres,22,30791
Ciudad de México,Mujeres,23,30669
Ciudad de México,Mujeres,24,31843
Durango,Hombres,3,0
Durango,Hombres,4,0
Durango,Hombres,5,0
Durango,Hombres,6,0
Durango,Hombres,7,0
Durango,Hombres,8,0
Durango,Hombres,9,0
Durango,Hombres,10,0
Durango,Hombres,11,0
Durango,Hombres,12,0
Durango,Hombres,13,0
Durango,Hombres,14,0
Durango,Hombres,15,0
Durango,Hombres,16,0
Durango,Hombres,17,0
Durango,Hombres,18,793
Durango,Hombres,19,2281
Durango,Hombres,20,3916
Durango,Hombres,21,4129
Durango,Hombres,22,4528
Durango,Hombres,23,4188
Durango,Hombres,24,4151
Durango,Mujeres,3,0
Durango,Mujeres,4,0
Durango,Mujeres,5,0
Durango,Mujeres,6,0
Durango,Mujeres,7,0
Durango,Mujeres,8,0
Durango,Mujeres,9,0
Durango,Mujeres,10,0
Durango,Mujeres,11,0
Durango,Mujeres,12,0
Durango,Mujeres,13,0
Durango,Mujeres,14,0
Durango,Mujeres,15,0
Durango,Mujeres,16,0
Durango,Mujeres,17,0
Durango,Mujeres,18,881
Durango,Mujeres,19,2749
Durango,Mujeres,20,4516
Durango,Mujeres,21,4582
Durango,Mujeres,22,4988
Durango,Mujeres,23,4545
Durango,Mujeres,24,4395
Guanajuato,Hombres,3,0
Guanajuato,Hombres,4,0
Guanajuato,Hombres,5,0
Guanajuato,Hombres,6,0
Guanajuato,Hombres,7,0
Guanajuato,Hombres,8,0
Guanajuato,Hombres,9,0
Guanajuato,Hombres,10,0
Guanajuato,Hombres,11,0
Guanajuato,Hombres,12,0
Guanajuato,Hombres,13,0
Guanajuato,Hombres,14,0
Guanajuato,Hombres,15,0
Guanajuato,Hombres,16,0
Guanajuato,Hombres,17,0
Guanajuato,Hombres,18,2016
Guanajuato,Hombres,19,5489
Guanajuato,Hombres,20,10044
Guanajuato,Hombres,21,10364
Guanajuato,Hombres,22,11777
Guanajuato,Hombres,23,11376
Guanajuato,Hombres,24,11132
Guanajuato,Mujeres,3,0
Guanajuato,Mujeres,4,0
Guanajuato,Mujeres,5,0
Guanajuato,Mujeres,6,0
Guanajuato,Mujeres,7,0
Guanajuato,Mujeres,8,0
Guanajuato,Mujeres,9,0
Guanajuato,Mujeres,10,0
Guanajuato,Mujeres,11,0
Guanajuato,Mujeres,12,0
Guanajuato,Mujeres,13,0
Guanajuato,Mujeres,14,0
Guanajuato,Mujeres,15,0
Guanajuato,Mujeres,16,0
Guanajuato,Mujeres,17,0
Guanajuato,Mujeres,18,2425
Guanajuato,Mujeres,19,7035
Guanajuato,Mujeres,20,12412
Guanajuato,Mujeres,21,12045
Guanajuato,Mujeres,22,13418
Guanajuato,Mujeres,23,12769
Guanajuato,Mujeres,24,12548
Guerrero,Hombres,3,0
Guerrero,Hombres,4,0
Guerrero,Hombres,5,0
Guerrero,Hombres,6,0
Guerrero,Hombres,7,0
Guerrero,Hombres,8,0
Guerrero,Hombres,9,0
Guerrero,Hombres,10,0
Guerrero,Hombres,11,0
Guerrero,Hombres,12,0
Guerrero,Hombres,13,0
Guerrero,Hombres,14,0
Guerrero,Hombres,15,0
Guerrero,Hombres,16,0
Guerrero,Hombres,17,0
Guerrero,Hombres,18,981
Guerrero,Hombres,19,2878
Guerrero,Hombres,20,5227
Guerrero,Hombres,21,5274
Guerrero,Hombres,22,5870
Guerrero,Hombres,23,5726
Guerrero,Hombres,24,5382
Guerrero,Mujeres,3,0
Guerrero,Mujeres,4,0
Guerrero,Mujeres,5,0
Guerrero,Mujeres,6,0
Guerrero,Mujeres,7,0
Guerrero,Mujeres,8,0
Guerrero,Mujeres,9,0
Guerrero,Mujeres,10,0
Guerrero,Mujeres,11,0
Guerrero,Mujeres,12,0
Guerrero,Mujeres,13,0
Guerrero,Mujeres,14,0
Guerrero,Mujeres,15,0
Guerrero,Mujeres,16,0
Guerrero,Mujeres,17,0
Guerrero,Mujeres,18,1249
Guerrero,Mujeres,19,3756
Guerrero,Mujeres,20,6736
Guerrero,Mujeres,21,6494
Guerrero,Mujeres,22,7329
Guerrero,Mujeres,23,7028
Guerrero,Mujeres,24,6539
Hidalgo,Hombres,3,0
Hidalgo,Hombres,4,0
Hidalgo,Hombres,5,0
Hidalgo,Hombres,6,0
Hidalgo,Hombres,7,0
Hidalgo,Hombres,8,0
Hidalgo,Hombres,9,0
Hidalgo,Hombres,10,0
Hidalgo,Hombres,11,0
Hidalgo,Hombres,12,0
Hidalgo,Hombres,13,0
Hidalgo,Hombres,14,0
Hidalgo,Hombres,15,0
Hidalgo,Hombres,16,0
Hidalgo,Hombres,17,0
Hidalgo,Hombres,18,1448
Hidalgo,Hombres,19,4126
Hidalgo,Hombres,20,6825
Hidalgo,Hombres,21,6687
Hidalgo,Hombres,22,7421
Hidalgo,Hombres,23,6877
Hidalgo,Hombres,24,6815
Hidalgo,Mujeres,3,0
Hidalgo,Mujeres,4,0
Hidalgo,Mujeres,5,0
Hidalgo,Mujeres,6,0
Hidalgo,Mujeres,7,0
Hidalgo,Mujeres,8,0
Hidalgo,Mujeres,9,0
Hidalgo,Mujeres,10,0
Hidalgo,Mujeres,11,0
Hidalgo,Mujeres,12,0
Hidalgo,Mujeres,13,0
Hidalgo,Mujeres,14,0
Hidalgo,Mujeres,15,0
Hidalgo,Mujeres,16,0
Hidalgo,Mujeres,17,0
Hidalgo,Mujeres,18,1791
Hidalgo,Mujeres,19,5193
Hidalgo,Mujeres,20,8259
Hidalgo,Mujeres,21,7813
Hidalgo,Mujeres,22,8569
Hidalgo,Mujeres,23,7838
Hidalgo,Mujeres,24,7801
Jalisco,Hombres,3,0
Jalisco,Hombres,4,0
Jalisco,Hombres,5,0
Jalisco,Hombres,6,0
Jalisco,Hombres,7,0
Jalisco,Hombres,8,0
Jalisco,Hombres,9,0
Jalisco,Hombres,10,0
Jalisco,Hombres,11,0
Jalisco,Hombres,12,0
Jalisco,Hombres,13,0
Jalisco,Hombres,14,0
Jalisco,Hombres,15,0
Jalisco,Hombres,16,0
Jalisco,Hombres,17,0
Jalisco,Hombres,18,3425
Jalisco,Hombres,19,8697
Jalisco,Hombres,20,15822
Jalisco,Hombres,21,17279
Jalisco,Hombres,22,19846
Jalisco,Hombres,23,19901
Jalisco,Hombres,24,20144
Jalisco,Mujeres,3,0
Jalisco,Mujeres,4,0
Jalisco,Mujeres,5,0
Jalisco,Mujeres,6,0
Jalisco,Mujeres,7,0
Jalisco,Mujeres,8,0
Jalisco,Mujeres,9,0
Jalisco,Mujeres,10,0
Jalisco,Mujeres,11,0
Jalisco,Mujeres,12,0
Jalisco,Mujeres,13,0
Jalisco,Mujeres,14,0
Jalisco,Mujeres,15,0
Jalisco,Mujeres,16,0
Jalisco,Mujeres,17,0
Jalisco,Mujeres,18,4165
Jalisco,Mujeres,19,11011
Jalisco,Mujeres,20,19016
Jalisco,Mujeres,21,20169
Jalisco,Mujeres,22,22672
Jalisco,Mujeres,23,22269
Jalisco,Mujeres,24,22012
México,Hombres,3,0
México,Hombres,4,0
México,Hombres,5,0
México,Hombres,6,0
México,Hombres,7,0
México,Hombres,8,0
México,Hombres,9,0
México,Hombres,10,0
México,Hombres,11,0
México,Hombres,12,0
México,Hombres,13,0
México,Hombres,14,0
México,Hombres,15,0
México,Hombres,16,0
México,Hombres,17,0
México,Hombres,18,10980
México,Hombres,19,24977
México,Hombres,20,41444
México,Hombres,21,39834
México,Hombres,22,45256
México,Hombres,23,42355
México,Hombres,24,41231
México,Mujeres,3,0
México,Mujeres,4,0
México,Mujeres,5,0
México,Mujeres,6,0
México,Mujeres,7,0
México,Mujeres,8,0
México,Mujeres,9,0
México,Mujeres,10,0
México,Mujeres,11,0
México,Mujeres,12,0
México,Mujeres,13,0
México,Mujeres,14,0
México,Mujeres,15,0
México,Mujeres,16,0
México,Mujeres,17,0
México,Mujeres,18,13493
México,Mujeres,19,31010
México,Mujeres,20,49250
México,Mujeres,21,45602
México,Mujeres,22,50440
México,Mujeres,23,47216
México,Mujeres,24,45749
Michoacán de Ocampo,Hombres,3,0
Michoacán de Ocampo,Hombres,4,0
Michoacán de Ocampo,Hombres,5,0
Michoacán de Ocampo,Hombres,6,0
Michoacán de Ocampo,Hombres,7,0
Michoacán de Ocampo,Hombres,8,0
Michoacán de Ocampo,Hombres,9,0
Michoacán de Ocampo,Hombres,10,0
Michoacán de Ocampo,Hombres,11,0
Michoacán de Ocampo,Hombres,12,0
Michoacán de Ocampo,Hombres,13,0
Michoacán de Ocampo,Hombres,14,0
Michoacán de Ocampo,Hombres,15,0
Michoacán de Ocampo,Hombres,16,0
Michoacán de Ocampo,Hombres,17,0
Michoacán de Ocampo,Hombres,18,1730
Michoacán de Ocampo,Hombres,19,4856
Michoacán de Ocampo,Hombres,20,8112
Michoacán de Ocampo,Hombres,21,8160
Michoacán de Ocampo,Hombres,22,9244
Michoacán de Ocampo,Hombres,23,8906
Michoacán de Ocampo,Hombres,24,8618
Michoacán de Ocampo,Mujeres,3,0
Michoacán de Ocampo,Mujeres,4,0
Michoacán de Ocampo,Mujeres,5,0
Michoacán de Ocampo,Mujeres,6,0
Michoacán de Ocampo,Mujeres,7,0
Michoacán de Ocampo,Mujeres,8,0
Michoacán de Ocampo,Mujeres,9,0
Michoacán de Ocampo,Mujeres,10,0
Michoacán de Ocampo,Mujeres,11,0
Michoacán de Ocampo,Mujeres,12,0
Michoacán de Ocampo,Mujeres,13,0
Michoacán de Ocampo,Mujeres,14,0
Michoacán de Ocampo,Mujeres,15,0
Michoacán de Ocampo,Mujeres,16,0
Michoacán de Ocampo,Mujeres,17,0
Michoacán de Ocampo,Mujeres,18,2213
Michoacán de Ocampo,Mujeres,19,6458
Michoacán de Ocampo,Mujeres,20,9988
Michoacán de Ocampo,Mujeres,21,9554
Michoacán de Ocampo,Mujeres,22,10570
Michoacán de Ocampo,Mujeres,23,10081
Michoacán de Ocampo,Mujeres,24,9667
Morelos,Hombres,3,0
Morelos,Hombres,4,0
Morelos,Hombres,5,0
Morelos,Hombres,6,0
Morelos,Hombres,7,0
Morelos,Hombres,8,0
Morelos,Hombres,9,0
Morelos,Hombres,10,0
Morelos,Hombres,11,0
Morelos,Hombres,12,0
Morelos,Hombres,13,0
Morelos,Hombres,14,0
Morelos,Hombres,15,0
Morelos,Hombres,16,0
Morelos,Hombres,17,0
Morelos,Hombres,18,798
Morelos,Hombres,19,2009
Morelos,Hombres,20,3857
Morelos,Hombres,21,4062
Morelos,Hombres,22,4688
Morelos,Hombres,23,4520
Morelos,Hombres,24,4526
Morelos,Mujeres,3,0
Morelos,Mujeres,4,0
Morelos,Mujeres,5,0
Morelos,Mujeres,6,0
Morelos,Mujeres,7,0
Morelos,Mujeres,8,0
Morelos,Mujeres,9,0
Morelos,Mujeres,10,0
Morelos,Mujeres,11,0
Morelos,Mujeres,12,0
Morelos,Mujeres,13,0
Morelos,Mujeres,14,0
Morelos,Mujeres,15,0
Morelos,Mujeres,16,0
Morelos,Mujeres,17,0
Morelos,Mujeres,18,983
Morelos,Mujeres,19,2490
Morelos,Mujeres,20,4866
Morelos,Mujeres,21,4871
Morelos,Mujeres,22,5539
Morelos,Mujeres,23,5258
Morelos,Mujeres,24,5272
Nayarit,Hombres,3,0
Nayarit,Hombres,4,0
Nayarit,Hombres,5,0
Nayarit,Hombres,6,0
Nayarit,Hombres,7,0
Nayarit,Hombres,8,0
Nayarit,Hombres,9,0
Nayarit,Hombres,10,0
Nayarit,Hombres,11,0
Nayarit,Hombres,12,0
Nayarit,Hombres,13,0
Nayarit,Hombres,14,0
Nayarit,Hombres,15,0
Nayarit,Hombres,16,0
Nayarit,Hombres,17,0
Nayarit,Hombres,18,483
Nayarit,Hombres,19,1323
Nayarit,Hombres,20,2620
Nayarit,Hombres,21,2843
Nayarit,Hombres,22,3043
Nayarit,Hombres,23,2687
Nayarit,Hombres,24,2820
Nayarit,Mujeres,3,0
Nayarit,Mujeres,4,0
Nayarit,Mujeres,5,0
Nayarit,Mujeres,6,0
Nayarit,Mujeres,7,0
Nayarit,Mujeres,8,0
Nayarit,Mujeres,9,0
Nayarit,Mujeres,10,0
Nayarit,Mujeres,11,0
Nayarit,Mujeres,12,0
Nayarit,Mujeres,13,0
Nayarit,Mujeres,14,0
Nayarit,Mujeres,15,0
Nayarit,Mujeres,16,0
Nayarit,Mujeres,17,0
Nayarit,Mujeres,18,596
Nayarit,Mujeres,19,1849
Nayarit,Mujeres,20,3438
Nayarit,Mujeres,21,3329
Nayarit,Mujeres,22,3482
Nayarit,Mujeres,23,3362
Nayarit,Mujeres,24,3421
Nuevo León,Hombres,3,0
Nuevo León,Hombres,4,0
Nuevo León,Hombres,5,0
Nuevo León,Hombres,6,0
Nuevo León,Hombres,7,0
Nuevo León,Hombres,8,0
Nuevo León,Hombres,9,0
Nuevo León,Hombres,10,0
Nuevo León,Hombres,11,0
Nuevo León,Hombres,12,0
Nuevo León,Hombres,13,0
Nuevo León,Hombres,14,0
Nuevo León,Hombres,15,0
Nuevo León,Hombres,16,0
Nuevo León,Hombres,17,0
Nuevo León,Hombres,18,6318
Nuevo León,Hombres,19,9660
Nuevo León,Hombres,20,13838
Nuevo León,Hombres,21,13671
Nuevo León,Hombres,22,14715
Nuevo León,Hombres,23,14723
Nuevo León,Hombres,24,14863
Nuevo León,Mujeres,3,0
Nuevo León,Mujeres,4,0
Nuevo León,Mujeres,5,0
Nuevo León,Mujeres,6,0
Nuevo León,Mujeres,7,0
Nuevo León,Mujeres,8,0
Nuevo León,Mujeres,9,0
Nuevo León,Mujeres,10,0
Nuevo León,Mujeres,11,0
Nuevo León,Mujeres,12,0
Nuevo León,Mujeres,13,0
Nuevo León,Mujeres,14,0
Nuevo León,Mujeres,15,0
Nuevo León,Mujeres,16,0
Nuevo León,Mujeres,17,0
Nuevo León,Mujeres,18,7419
Nuevo León,Mujeres,19,11037
Nuevo León,Mujeres,20,15453
Nuevo León,Mujeres,21,14723
Nuevo León,Mujeres,22,15562
Nuevo León,Mujeres,23,15211
Nuevo León,Mujeres,24,15401
Oaxaca,Hombres,3,0
Oaxaca,Hombres,4,0
Oaxaca,Hombres,5,0
Oaxaca,Hombres,6,0
Oaxaca,Hombres,7,0
Oaxaca,Hombres,8,0
Oaxaca,Hombres,9,0
Oaxaca,Hombres,10,0
Oaxaca,Hombres,11,0
Oaxaca,Hombres,12,0
Oaxaca,Hombres,13,0
Oaxaca,Hombres,14,0
Oaxaca,Hombres,15,0
Oaxaca,Hombres,16,0
Oaxaca,Hombres,17,0
Oaxaca,Hombres,18,1013
Oaxaca,Hombres,19,2947
Oaxaca,Hombres,20,5466
Oaxaca,Hombres,21,5509
Oaxaca,Hombres,22,6648
Oaxaca,Hombres,23,6493
Oaxaca,Hombres,24,6281
Oaxaca,Mujeres,3,0
Oaxaca,Mujeres,4,0
Oaxaca,Mujeres,5,0
Oaxaca,Mujeres,6,0
Oaxaca,Mujeres,7,0
Oaxaca,Mujeres,8,0
Oaxaca,Mujeres,9,0
Oaxaca,Mujeres,10,0
Oaxaca,Mujeres,11,0
Oaxaca,Mujeres,12,0
Oaxaca,Mujeres,13,0
Oaxaca,Mujeres,14,0
Oaxaca,Mujeres,15,0
Oaxaca,Mujeres,16,0
Oaxaca,Mujeres,17,0
Oaxaca,Mujeres,18,1243
Oaxaca,Mujeres,19,4101
Oaxaca,Mujeres,20,7087
Oaxaca,Mujeres,21,6704
Oaxaca,Mujeres,22,7871
Oaxaca,Mujeres,23,7556
Oaxaca,Mujeres,24,7411
Puebla,Hombres,3,0
Puebla,Hombres,4,0
Puebla,Hombres,5,0
Puebla,Hombres,6,0
Puebla,Hombres,7,0
Puebla,Hombres,8,0
Puebla,Hombres,9,0
Puebla,Hombres,10,0
Puebla,Hombres,11,0
Puebla,Hombres,12,0
Puebla,Hombres,13,0
Puebla,Hombres,14,0
Puebla,Hombres,15,0
Puebla,Hombres,16,0
Puebla,Hombres,17,0
Puebla,Hombres,18,2489
Puebla,Hombres,19,7988
Puebla,Hombres,20,15142
Puebla,Hombres,21,14874
Puebla,Hombres,22,16597
Puebla,Hombres,23,15427
Puebla,Hombres,24,14967
Puebla,Mujeres,3,0
Puebla,Mujeres,4,0
Puebla,Mujeres,5,0
Puebla,Mujeres,6,0
Puebla,Mujeres,7,0
Puebla,Mujeres,8,0
Puebla,Mujeres,9,0
Puebla,Mujeres,10,0
Puebla,Mujeres,11,0
Puebla,Mujeres,12,0
Puebla,Mujeres,13,0
Puebla,Mujeres,14,0
Puebla,Mujeres,15,0
Puebla,Mujeres,16,0
Puebla,Mujeres,17,0
Puebla,Mujeres,18,3106
Puebla,Mujeres,19,10005
Puebla,Mujeres,20,18122
Puebla,Mujeres,21,17034
Puebla,Mujeres,22,18425
Puebla,Mujeres,23,17137
Puebla,Mujeres,24,16304
Querétaro,Hombres,3,0
Querétaro,Hombres,4,0
Querétaro,Hombres,5,0
Querétaro,Hombres,6,0
Querétaro,Hombres,7,0
Querétaro,Hombres,8,0
Querétaro,Hombres,9,0
Querétaro,Hombres,10,0
Querétaro,Hombres,11,0
Querétaro,Hombres,12,0
Querétaro,Hombres,13,0
Querétaro,Hombres,14,0
Querétaro,Hombres,15,0
Querétaro,Hombres,16,0
Querétaro,Hombres,17,0
Querétaro,Hombres,18,957
Querétaro,Hombres,19,2534
Querétaro,Hombres,20,4950
Querétaro,Hombres,21,5309
Querétaro,Hombres,22,6429
Querétaro,Hombres,23,6917
Querétaro,Hombres,24,7116
Querétaro,Mujeres,3,0
Querétaro,Mujeres,4,0
Querétaro,Mujeres,5,0
Querétaro,Mujeres,6,0
Querétaro,Mujeres,7,0
Querétaro,Mujeres,8,0
Querétaro,Mujeres,9,0
Querétaro,Mujeres,10,0
Querétaro,Mujeres,11,0
Querétaro,Mujeres,12,0
Querétaro,Mujeres,13,0
Querétaro,Mujeres,14,0
Querétaro,Mujeres,15,0
Querétaro,Mujeres,16,0
Querétaro,Mujeres,17,0
Querétaro,Mujeres,18,1230
Querétaro,Mujeres,19,3142
Querétaro,Mujeres,20,5967
Querétaro,Mujeres,21,5948
Querétaro,Mujeres,22,7022
Querétaro,Mujeres,23,7574
Querétaro,Mujeres,24,7748
Quintana Roo,Hombres,3,0
Quintana Roo,Hombres,4,0
Quintana Roo,Hombres,5,0
Quintana Roo,Hombres,6,0
Quintana Roo,Hombres,7,0
Quintana Roo,Hombres,8,0
Quintana Roo,Hombres,9,0
Quintana Roo,Hombres,10,0
Quintana Roo,Hombres,11,0
Quintana Roo,Hombres,12,0
Quintana Roo,Hombres,13,0
Quintana Roo,Hombres,14,0
Quintana Roo,Hombres,15,0
Quintana Roo,Hombres,16,0
Quintana Roo,Hombres,17,0
Quintana Roo,Hombres,18,811
Quintana Roo,Hombres,19,1883
Quintana Roo,Hombres,20,3237
Quintana Roo,Hombres,21,3218
Quintana Roo,Hombres,22,3871
Quintana Roo,Hombres,23,3794
Quintana Roo,Hombres,24,4015
Quintana Roo,Mujeres,3,0
Quintana Roo,Mujeres,4,0
Quintana Roo,Mujeres,5,0
Quintana Roo,Mujeres,6,0
Quintana Roo,Mujeres,7,0
Quintana Roo,Mujeres,8,0
Quintana Roo,Mujeres,9,0
Quintana Roo,Mujeres,10,0
Quintana Roo,Mujeres,11,0
Quintana Roo,Mujeres,12,0
Quintana Roo,Mujeres,13,0
Quintana Roo,Mujeres,14,0
Quintana Roo,Mujeres,15,0
Quintana Roo,Mujeres,16,0
Quintana Roo,Mujeres,17,0
Quintana Roo,Mujeres,18,940
Quintana Roo,Mujeres,19,2302
Quintana Roo,Mujeres,20,3755
Quintana Roo,Mujeres,21,3545
Quintana Roo,Mujeres,22,4114
Quintana Roo,Mujeres,23,4414
Quintana Roo,Mujeres,24,4815
San Luis Potosí,Hombres,3,0
San Luis Potosí,Hombres,4,0
San Luis Potosí,Hombres,5,0
San Luis Potosí,Hombres,6,0
San Luis Potosí,Hombres,7,0
San Luis Potosí,Hombres,8,0
San Luis Potosí,Hombres,9,0
San Luis Potosí,Hombres,10,0
San Luis Potosí,Hombres,11,0
San Luis Potosí,Hombres,12,0
San Luis Potosí,Hombres,13,0
San Luis Potosí,Hombres,14,0
San Luis Potosí,Hombres,15,0
San Luis Potosí,Hombres,16,0
San Luis Potosí,Hombres,17,0
San Luis Potosí,Hombres,18,1569
San Luis Potosí,Hombres,19,3566
San Luis Potosí,Hombres,20,5890
San Luis Potosí,Hombres,21,5926
San Luis Potosí,Hombres,22,6604
San Luis Potosí,Hombres,23,6498
San Luis Potosí,Hombres,24,6230
San Luis Potosí,Mujeres,3,0
San Luis Potosí,Mujeres,4,0
San Luis Potosí,Mujeres,5,0
San Luis Potosí,Mujeres,6,0
San Luis Potosí,Mujeres,7,0
San Luis Potosí,Mujeres,8,0
San Luis Potosí,Mujeres,9,0
San Luis Potosí,Mujeres,10,0
San Luis Potosí,Mujeres,11,0
San Luis Potosí,Mujeres,12,0
San Luis Potosí,Mujeres,13,0
San Luis Potosí,Mujeres,14,0
San Luis Potosí,Mujeres,15,0
San Luis Potosí,Mujeres,16,0
San Luis Potosí,Mujeres,17,0
San Luis Potosí,Mujeres,18,2017
San Luis Potosí,Mujeres,19,4527
San Luis Potosí,Mujeres,20,7370
San Luis Potosí,Mujeres,21,6822
San Luis Potosí,Mujeres,22,7664
San Luis Potosí,Mujeres,23,7263
San Luis Potosí,Mujeres,24,7262
Sinaloa,Hombres,3,0
Sinaloa,Hombres,4,0
Sinaloa,Hombres,5,0
Sinaloa,Hombres,6,0
Sinaloa,Hombres,7,0
Sinaloa,Hombres,8,0
Sinaloa,Hombres,9,0
Sinaloa,Hombres,10,0
Sinaloa,Hombres,11,0
Sinaloa,Hombres,12,0
Sinaloa,Hombres,13,0
Sinaloa,Hombres,14,0
Sinaloa,Hombres,15,0
Sinaloa,Hombres,16,0
Sinaloa,Hombres,17,0
Sinaloa,Hombres,18,1641
Sinaloa,Hombres,19,5760
Sinaloa,Hombres,20,9580
Sinaloa,Hombres,21,10034
Sinaloa,Hombres,22,11039
Sinaloa,Hombres,23,10268
Sinaloa,Hombres,24,10018
Sinaloa,Mujeres,3,0
Sinaloa,Mujeres,4,0
Sinaloa,Mujeres,5,0
Sinaloa,Mujeres,6,0
Sinaloa,Mujeres,7,0
Sinaloa,Mujeres,8,0
Sinaloa,Mujeres,9,0
Sinaloa,Mujeres,10,0
Sinaloa,Mujeres,11,0
Sinaloa,Mujeres,12,0
Sinaloa,Mujeres,13,0
Sinaloa,Mujeres,14,0
Sinaloa,Mujeres,15,0
Sinaloa,Mujeres,16,0
Sinaloa,Mujeres,17,0
Sinaloa,Mujeres,18,1992
Sinaloa,Mujeres,19,7110
Sinaloa,Mujeres,20,12280
Sinaloa,Mujeres,21,12255
Sinaloa,Mujeres,22,12758
Sinaloa,Mujeres,23,12091
Sinaloa,Mujeres,24,11662
Sonora,Hombres,3,0
Sonora,Hombres,4,0
Sonora,Hombres,5,0
Sonora,Hombres,6,0
Sonora,Hombres,7,0
Sonora,Hombres,8,0
Sonora,Hombres,9,0
Sonora,Hombres,10,0
Sonora,Hombres,11,0
Sonora,Hombres,12,0
Sonora,Hombres,13,0
Sonora,Hombres,14,0
Sonora,Hombres,15,0
Sonora,Hombres,16,0
Sonora,Hombres,17,0
Sonora,Hombres,18,1968
Sonora,Hombres,19,4192
Sonora,Hombres,20,7560
Sonora,Hombres,21,7804
Sonora,Hombres,22,8224
Sonora,Hombres,23,7946
Sonora,Hombres,24,7753
Sonora,Mujeres,3,0
Sonora,Mujeres,4,0
Sonora,Mujeres,5,0
Sonora,Mujeres,6,0
Sonora,Mujeres,7,0
Sonora,Mujeres,8,0
Sonora,Mujeres,9,0
Sonora,Mujeres,10,0
Sonora,Mujeres,11,0
Sonora,Mujeres,12,0
Sonora,Mujeres,13,0
Sonora,Mujeres,14,0
Sonora,Mujeres,15,0
Sonora,Mujeres,16,0
Sonora,Mujeres,17,0
Sonora,Mujeres,18,2463
Sonora,Mujeres,19,5193
Sonora,Mujeres,20,8952
Sonora,Mujeres,21,8870
Sonora,Mujeres,22,9407
Sonora,Mujeres,23,8906
Sonora,Mujeres,24,8856
Tabasco,Hombres,3,0
Tabasco,Hombres,4,0
Tabasco,Hombres,5,0
Tabasco,Hombres,6,0
Tabasco,Hombres,7,0
Tabasco,Hombres,8,0
Tabasco,Hombres,9,0
Tabasco,Hombres,10,0
Tabasco,Hombres,11,0
Tabasco,Hombres,12,0
Tabasco,Hombres,13,0
Tabasco,Hombres,14,0
Tabasco,Hombres,15,0
Tabasco,Hombres,16,0
Tabasco,Hombres,17,0
Tabasco,Hombres,18,1500
Tabasco,Hombres,19,3704
Tabasco,Hombres,20,5507
Tabasco,Hombres,21,5281
Tabasco,Hombres,22,6032
Tabasco,Hombres,23,5702
Tabasco,Hombres,24,5376
Tabasco,Mujeres,3,0
Tabasco,Mujeres,4,0
Tabasco,Mujeres,5,0
Tabasco,Mujeres,6,0
Tabasco,Mujeres,7,0
Tabasco,Mujeres,8,0
Tabasco,Mujeres,9,0
Tabasco,Mujeres,10,0
Tabasco,Mujeres,11,0
Tabasco,Mujeres,12,0
Tabasco,Mujeres,13,0
Tabasco,Mujeres,14,0
Tabasco,Mujeres,15,0
Tabasco,Mujeres,16,0
Tabasco,Mujeres,17,0
Tabasco,Mujeres,18,1683
Tabasco,Mujeres,19,4431
Tabasco,Mujeres,20,6369
Tabasco,Mujeres,21,5722
Tabasco,Mujeres,22,6286
Tabasco,Mujeres,23,6395
Tabasco,Mujeres,24,5940
Tamaulipas,Hombres,3,0
Tamaulipas,Hombres,4,0
Tamaulipas,Hombres,5,0
Tamaulipas,Hombres,6,0
Tamaulipas,Hombres,7,0
Tamaulipas,Hombres,8,0
Tamaulipas,Hombres,9,0
Tamaulipas,Hombres,10,0
Tamaulipas,Hombres,11,0
Tamaulipas,Hombres,12,0
Tamaulipas,Hombres,13,0
Tamaulipas,Hombres,14,0
Tamaulipas,Hombres,15,0
Tamaulipas,Hombres,16,0
Tamaulipas,Hombres,17,0
Tamaulipas,Hombres,18,2525
Tamaulipas,Hombres,19,5510
Tamaulipas,Hombres,20,8358
Tamaulipas,Hombres,21,8677
Tamaulipas,Hombres,22,8943
Tamaulipas,Hombres,23,8710
Tamaulipas,Hombres,24,8483
Tamaulipas,Mujeres,3,0
Tamaulipas,Mujeres,4,0
Tamaulipas,Mujeres,5,0
Tamaulipas,Mujeres,6,0
Tamaulipas,Mujeres,7,0
Tamaulipas,Mujeres,8,0
Tamaulipas,Mujeres,9,0
Tamaulipas,Mujeres,10,0
Tamaulipas,Mujeres,11,0
Tamaulipas,Mujeres,12,0
Tamaulipas,Mujeres,13,0
Tamaulipas,Mujeres,14,0
Tamaulipas,Mujeres,15,0
Tamaulipas,Mujeres,16,0
Tamaulipas,Mujeres,17,0
Tamaulipas,Mujeres,18,3236
Tamaulipas,Mujeres,19,6932
Tamaulipas,Mujeres,20,10246
Tamaulipas,Mujeres,21,9377
Tamaulipas,Mujeres,22,9992
Tamaulipas,Mujeres,23,9566
Tamaulipas,Mujeres,24,9179
Tlaxcala,Hombres,3,0
Tlaxcala,Hombres,4,0
Tlaxcala,Hombres,5,0
Tlaxcala,Hombres,6,0
Tlaxcala,Hombres,7,0
Tlaxcala,Hombres,8,0
Tlaxcala,Hombres,9,0
Tlaxcala,Hombres,10,0
Tlaxcala,Hombres,11,0
Tlaxcala,Hombres,12,0
Tlaxcala,Hombres,13,0
Tlaxcala,Hombres,14,0
Tlaxcala,Hombres,15,0
Tlaxcala,Hombres,16,0
Tlaxcala,Hombres,17,0
Tlaxcala,Hombres,18,788
Tlaxcala,Hombres,19,2016
Tlaxcala,Hombres,20,3358
Tlaxcala,Hombres,21,3074
Tlaxcala,Hombres,22,3655
Tlaxcala,Hombres,23,3185
Tlaxcala,Hombres,24,3231
Tlaxcala,Mujeres,3,0
Tlaxcala,Mujeres,4,0
Tlaxcala,Mujeres,5,0
Tlaxcala,Mujeres,6,0
Tlaxcala,Mujeres,7,0
Tlaxcala,Mujeres,8,0
Tlaxcala,Mujeres,9,0
Tlaxcala,Mujeres,10,0
Tlaxcala,Mujeres,11,0
Tlaxcala,Mujeres,12,0
Tlaxcala,Mujeres,13,0
Tlaxcala,Mujeres,14,0
Tlaxcala,Mujeres,15,0
Tlaxcala,Mujeres,16,0
Tlaxcala,Mujeres,17,0
Tlaxcala,Mujeres,18,989
Tlaxcala,Mujeres,19,2513
Tlaxcala,Mujeres,20,3992
Tlaxcala,Mujeres,21,3742
Tlaxcala,Mujeres,22,4043
Tlaxcala,Mujeres,23,3717
Tlaxcala,Mujeres,24,3669
Veracruz de Ignacio de la Llave,Hombres,3,0
Veracruz de Ignacio de la Llave,Hombres,4,0
Veracruz de Ignacio de la Llave,Hombres,5,0
Veracruz de Ignacio de la Llave,Hombres,6,0
Veracruz de Ignacio de la Llave,Hombres,7,0
Veracruz de Ignacio de la Llave,Hombres,8,0
Veracruz de Ignacio de la Llave,Hombres,9,0
Veracruz de Ignacio de la Llave,Hombres,10,0
Veracruz de Ignacio de la Llave,Hombres,11,0
Veracruz de Ignacio de la Llave,Hombres,12,0
Veracruz de Ignacio de la Llave,Hombres,13,0
Veracruz de Ignacio de la Llave,Hombres,14,0
Veracruz de Ignacio de la Llave,Hombres,15,0
Veracruz de Ignacio de la Llave,Hombres,16,0
Veracruz de Ignacio de la Llave,Hombres,17,0
Veracruz de Ignacio de la Llave,Hombres,18,3638
Veracruz de Ignacio de la Llave,Hombres,19,9050
Veracruz de Ignacio de la Llave,Hombres,20,15714
Veracruz de Ignacio de la Llave,Hombres,21,15355
Veracruz de Ignacio de la Llave,Hombres,22,17359
Veracruz de Ignacio de la Llave,Hombres,23,16238
Veracruz de Ignacio de la Llave,Hombres,24,15259
Veracruz de Ignacio de la Llave,Mujeres,3,0
Veracruz de Ignacio de la Llave,Mujeres,4,0
Veracruz de Ignacio de la Llave,Mujeres,5,0
Veracruz de Ignacio de la Llave,Mujeres,6,0
Veracruz de Ignacio de la Llave,Mujeres,7,0
Veracruz de Ignacio de la Llave,Mujeres,8,0
Veracruz de Ignacio de la Llave,Mujeres,9,0
Veracruz de Ignacio de la Llave,Mujeres,10,0
Veracruz de Ignacio de la Llave,Mujeres,11,0
Veracruz de Ignacio de la Llave,Mujeres,12,0
Veracruz de Ignacio de la Llave,Mujeres,13,0
Veracruz de Ignacio de la Llave,Mujeres,14,0
Veracruz de Ignacio de la Llave,Mujeres,15,0
Veracruz de Ignacio de la Llave,Mujeres,16,0
Veracruz de Ignacio de la Llave,Mujeres,17,0
Veracruz de Ignacio de la Llave,Mujeres,18,4317
Veracruz de Ignacio de la Llave,Mujeres,19,11193
Veracruz de Ignacio de la Llave,Mujeres,20,17894
Veracruz de Ignacio de la Llave,Mujeres,21,17427
Veracruz de Ignacio de la Llave,Mujeres,22,18912
Veracruz de Ignacio de la Llave,Mujeres,23,18046
Veracruz de Ignacio de la Llave,Mujeres,24,17011
Yucatán,Hombres,3,0
Yucatán,Hombres,4,0
Yucatán,Hombres,5,0
Yucatán,Hombres,6,0
Yucatán,Hombres,7,0
Yucatán,Hombres,8,0
Yucatán,Hombres,9,0
Yucatán,Hombres,10,0
Yucatán,Hombres,11,0
Yucatán,Hombres,12,0
Yucatán,Hombres,13,0
Yucatán,Hombres,14,0
Yucatán,Hombres,15,0
Yucatán,Hombres,16,0
Yucatán,Hombres,17,0
Yucatán,Hombres,18,683
Yucatán,Hombres,19,2450
Yucatán,Hombres,20,4655
Yucatán,Hombres,21,5300
Yucatán,Hombres,22,5959
Yucatán,Hombres,23,5756
Yucatán,Hombres,24,5838
Yucatán,Mujeres,3,0
Yucatán,Mujeres,4,0
Yucatán,Mujeres,5,0
Yucatán,Mujeres,6,0
Yucatán,Mujeres,7,0
Yucatán,Mujeres,8,0
Yucatán,Mujeres,9,0
Yucatán,Mujeres,10,0
Yucatán,Mujeres,11,0
Yucatán,Mujeres,12,0
Yucatán,Mujeres,13,0
Yucatán,Mujeres,14,0
Yucatán,Mujeres,15,0
Yucatán,Mujeres,16,0
Yucatán,Mujeres,17,0
Yucatán,Mujeres,18,877
Yucatán,Mujeres,19,3049
Yucatán,Mujeres,20,5735
Yucatán,Mujeres,21,5959
Yucatán,Mujeres,22,6588
Yucatán,Mujeres,23,6460
Yucatán,Mujeres,24,6274
Zacatecas,Hombres,3,0
Zacatecas,Hombres,4,0
Zacatecas,Hombres,5,0
Zacatecas,Hombres,6,0
Zacatecas,Hombres,7,0
Zacatecas,Hombres,8,0
Zacatecas,Hombres,9,0
Zacatecas,Hombres,10,0
Zacatecas,Hombres,11,0
Zacatecas,Hombres,12,0
Zacatecas,Hombres,13,0
Zacatecas,Hombres,14,0
Zacatecas,Hombres,15,0
Zacatecas,Hombres,16,0
Zacatecas,Hombres,17,0
Zacatecas,Hombres,18,672
Zacatecas,Hombres,19,1725
Zacatecas,Hombres,20,3201
Zacatecas,Hombres,21,3364
Zacatecas,Hombres,22,3807
Zacatecas,Hombres,23,3586
Zacatecas,Hombres,24,3305
Zacatecas,Mujeres,3,0
Zacatecas,Mujeres,4,0
Zacatecas,Mujeres,5,0
Zacatecas,Mujeres,6,0
Zacatecas,Mujeres,7,0
Zacatecas,Mujeres,8,0
Zacatecas,Mujeres,9,0
Zacatecas,Mujeres,10,0
Zacatecas,Mujeres,11,0
Zacatecas,Mujeres,12,0
Zacatecas,Mujeres,13,0
Zacatecas,Mujeres,14,0
Zacatecas,Mujeres,15,0
Zacatecas,Mujeres,16,0
Zacatecas,Mujeres,17,0
Zacatecas,Mujeres,18,837
Zacatecas,Mujeres,19,2402
Zacatecas,Mujeres,20,4207
Zacatecas,Mujeres,21,4179
Zacatecas,Mujeres,22,4477
Zacatecas,Mujeres,23,4101
Zacatecas,Mujeres,24,3928